seed,output_len,mse,mae
2026,365,167159.03,302.947
2027,365,165091.81,300.96838
2028,365,166242.66,302.0423
2029,365,169049.16,306.0995
2030,365,169204.28,306.86057
