seed,output_len,mse,mae
2026,90,249099.27,360.71725
2027,90,194272.5,321.2058
2028,90,259153.27,374.78748
2029,90,324931.5,416.29886
2030,90,215176.69,346.43976
