seed,output_len,mse,mae
2026,365,249703.28,376.94058
2027,365,243951.38,371.6453
2028,365,271136.9,390.61673
2029,365,297049.5,414.1697
2030,365,278794.22,398.6598
