seed,output_len,mse,mae
2026,90,220269.03,373.23706
2027,90,243668.53,391.84064
2028,90,221713.36,363.62808
2029,90,216830.36,366.3731
2030,90,216068.44,365.86697
