seed,output_len,mse,mae
2026,365,240078.28,369.54803
2027,365,227013.47,357.19113
2028,365,219501.19,351.5781
2029,365,240534.55,369.52597
2030,365,242707.3,373.044
