seed,output_len,mse,mae
2026,90,199038.25,334.49783
2027,90,193788.58,325.64276
2028,90,184046.17,317.62393
2029,90,188248.58,318.87634
2030,90,186832.45,316.1625
